{"visit_count":2,"queue":[{"car_array":{"Engine":"150 horsepower","EngineColor":"blue","Body":"Similar to Ford Fiesta","BodyColor":"blue","Wheel":"WheelType1","WheelColor":"blue"},"v_count":1,"stat":"Done!","Estat":"Engine Production Finished","Bstat":"Body Production Finished","Wstat":"Wheel Production Finished"},{"car_array":{"Engine":"150 horsepower","EngineColor":"blue","Body":"Similar to Ford Fiesta","BodyColor":"blue","Wheel":"WheelType1","WheelColor":"blue"},"v_count":2,"stat":"Done!","Estat":"Engine Production Finished","Bstat":"Body Production Finished","Wstat":"Wheel Production Finished"}]}